run_id,run_type,model,topology,seed,val_macro_f1,test_macro_f1,test_balanced_acc,best_epoch,duration_seconds,manifest_hash
mlp_none_seed42,baseline,mlp,none,42,0.7585890929352479,0.5818577530573945,0.6624755323524129,1,3.7188408374786377,c320be2f050bf0c70b2c1b6a3d83bb1449ecb0ab370e9c905ecf09d8a04f27c0
mlp_none_seed43,baseline,mlp,none,43,0.769018980652454,0.5483099511498232,0.633672203364664,1,7.129406929016113,be15479c929acd0a4e2d9aaaec0a35789b33b47b003a0baafe9579fd53880b57
mlp_none_seed44,baseline,mlp,none,44,0.7595396876503093,0.571557634334274,0.652532897513159,1,2.71451473236084,1b52efe841c30e003aabe15f904df1aafcd24429d3393a5c36284b3094ca27ca
mlp_none_seed45,baseline,mlp,none,45,0.7599481170860026,0.5477280557943172,0.634405661465725,1,4.026078939437866,49a5f64ff35b30f8b9d69c2c2a253b72f57e1cff2bc4aa36ff884f1ba37f91a9
mlp_none_seed46,baseline,mlp,none,46,0.7665856332195659,0.5640186491499752,0.6459350866117591,1,15.260917901992798,0283159d316e35dab60731ea27895b1dc678944c6e16f07645192102cce11c1b
mlp_none_seed47,baseline,mlp,none,47,0.760295639507774,0.5564216318190902,0.6389200297625913,1,4.316359996795654,41ebc346ee7cbbe163648607123cc0ff38bf635648ac2a92fe74621648a9c472
mlp_none_seed48,baseline,mlp,none,48,0.776935482415054,0.5606389423403383,0.6465226295745081,1,3.6428542137145996,1a1559c956dee58e8302c1324dae846fb141b796f9cfab27c329724b9c438af0
mlp_none_seed49,baseline,mlp,none,49,0.7673505560645992,0.5547859723921285,0.6397408610320202,1,3.1402087211608887,db0b5ca108f6c59f727e625000b7b0aab16f37f941020efe238a7ffc13095ac8
mlp_none_seed50,baseline,mlp,none,50,0.7717188787385223,0.5516860023366522,0.6371731921072179,1,4.015216827392578,5bc826936f2d27eae7f45a0355276d86579e873dfdcb2f587a1dae0c8ed970f0
mlp_none_seed51,baseline,mlp,none,51,0.7593058761088117,0.5633428204981005,0.6489929432840355,1,5.679674863815308,8e8f419157f42827758481f8de10477e304017d64546d2dc79032733164a2900
random_forest_none_seed42,baseline,random_forest,none,42,0.6884458514866544,0.5184243486173226,0.6046775062927177,1,2.5841760635375977,b8beb7ca51a0541849be599fdd57868b6d6da8f7b3b2383e45ae669119fba24b
gat_bipartite_ref_k20_seed42,sweep,gat,bipartite_ref_k20,42,0.6902489984533463,0.5429097010112688,0.622566444858303,1,2.853503704071045,7dce9bfac375cddf31459d6f0cf7b4dbe246cbc9044e99fee1d9eb749a570db0
gat_bipartite_ref_k20_seed43,sweep,gat,bipartite_ref_k20,43,0.7031323484404545,0.5416866477154724,0.6178473045356451,1,2.3773577213287354,6faba895af2eecdf4f90f5410d9cfc5c092d7d8ffd8a086a4825c64e96fabe63
gat_bipartite_ref_k20_seed44,sweep,gat,bipartite_ref_k20,44,0.7067588386778094,0.5482291356840994,0.6273722599289303,1,2.419731855392456,e67f4e29422cec3cf4e107d700e57cad45a75f3e98fff4f20e8d77ffa81b12e2
gat_bipartite_ref_k20_seed45,sweep,gat,bipartite_ref_k20,45,0.6959201716178358,0.5508569903344908,0.6309025378436913,1,2.7183427810668945,4ebef817261b31234b454d0a7cfe1b59d05c4a79a3b6bcf63af88a93f71116db
gat_bipartite_ref_k20_seed46,sweep,gat,bipartite_ref_k20,46,0.6845502817295948,0.537950686520993,0.6126252543146258,1,2.447244167327881,93be39f3957a6a77e0aa689f6fc91862690513295217a07decf279e9aae07c88
gat_bipartite_ref_k20_seed47,sweep,gat,bipartite_ref_k20,47,0.6960838030414247,0.5463478477797933,0.6298509137631225,1,3.0053505897521973,aac5dd079c36a4abc84929c2b00b84a8d730754dcb0c80053d4b27ae9100170a
gat_bipartite_ref_k20_seed48,sweep,gat,bipartite_ref_k20,48,0.6755560127955837,0.5520225847850907,0.6323078626654834,1,2.512648344039917,9d66c27fb62aab8c874d7dd3f176c9afb6041c21ea99b31046bb3dd3693a5199
gat_bipartite_ref_k20_seed49,sweep,gat,bipartite_ref_k20,49,0.683774506290777,0.5431376525268877,0.6194981611095237,1,2.3524341583251953,379c16eeac5dbf7d20ed40992d671571b6f6a603606f7a85ff063c1f75fc0c4c
gat_bipartite_ref_k20_seed50,sweep,gat,bipartite_ref_k20,50,0.7099353823122186,0.5548967950204154,0.6397201844722121,1,2.7600231170654297,907b29b5c0cc92b75c23c69dc01b59b26daba3e968b1e144a399d7ad3e999765
gat_bipartite_ref_k20_seed51,sweep,gat,bipartite_ref_k20,51,0.6820100888132151,0.5323918510664907,0.6088082519021909,1,1.8182921409606934,86461294dbc6292dff4ee60986a238947b6be7f8d6cd4ccd9830b23fa5c821b3
gat_rewired_spatial_knn_k12_seed42,sweep,gat,rewired_spatial_knn_k12,42,0.035832371794159226,0.013425980351092583,0.057855901835303924,1,0.3908233642578125,9eff4bf90537a3cb26fdfcf15738d367cb60ab8abd30ee5faceeaa51ea7c2bca
gat_rewired_spatial_knn_k12_seed43,sweep,gat,rewired_spatial_knn_k12,43,0.0398583989707532,0.016097476372728795,0.05585635972413861,1,0.5825479030609131,f915cab7dd975e3dc0e30e34fdc6d7ce59c6a04c8883ddd82f294d047af11b0c
gat_rewired_spatial_knn_k12_seed44,sweep,gat,rewired_spatial_knn_k12,44,0.032091062306670706,0.006158559015058085,0.0585790196953302,1,0.41007232666015625,1abc74f5fe246ad0e1911d563379f0ac21c4c9fb71c07d6a009f03e64f04dff9
gat_rewired_spatial_knn_k12_seed45,sweep,gat,rewired_spatial_knn_k12,45,0.04138476925212666,0.004068601804949214,0.05910231391134652,1,0.41797733306884766,6bba3f3ac37a6fe3ef93b557a9a112cf4b4d83727a2780f3d5bacaa9b88d3657
gat_rewired_spatial_knn_k12_seed46,sweep,gat,rewired_spatial_knn_k12,46,0.028261376715219427,0.015584418628500468,0.057950137918573674,1,0.37606096267700195,87cb30405e744afdfdef84522d5f7cba66ef051120a1b7ccdd3ab629c10f113b
gat_rewired_spatial_knn_k12_seed47,sweep,gat,rewired_spatial_knn_k12,47,0.04180547686123068,0.011536136292742014,0.06009582193783924,1,0.5328199863433838,d80be21cd07e262beabe609ba43306aeea2e13169ce32ab01970a2a482ec77ce
gat_rewired_spatial_knn_k12_seed48,sweep,gat,rewired_spatial_knn_k12,48,0.07295028303178536,0.025017017350441827,0.060449481955828305,1,1.483182668685913,6460e64bca105f2014e7031421606786d599569cbe8d04488a9ecaf3fcdc3bab
gat_rewired_spatial_knn_k12_seed49,sweep,gat,rewired_spatial_knn_k12,49,0.05867618117947355,0.02051959725875412,0.06030101626857875,1,0.8571476936340332,cf0bcb4be44b00ed6933d331124c517146ed56942c20eb968cf93162f79ae229
gat_rewired_spatial_knn_k12_seed50,sweep,gat,rewired_spatial_knn_k12,50,0.04768360876255695,0.013253514098029094,0.060251367070261026,1,0.3741309642791748,cc449a9773b80a5184fa8d712a48365b730adf495b0a0768fecd0add27b74beb
gat_rewired_spatial_knn_k12_seed51,sweep,gat,rewired_spatial_knn_k12,51,0.03167447965662151,0.01692977987775255,0.06061653104299869,1,0.639986515045166,e234c2328692fcbaecaba6ff8680d69e0755a855a45b308a18c714a6f09acb10
gat_rewired_spatial_knn_k6_seed42,sweep,gat,rewired_spatial_knn_k6,42,0.06053491953646105,0.006100424897479714,0.059661846835179784,1,0.5951430797576904,19419dcfe9351c6497490db47b5fe2a0a5205c9d8379e0be686eb8d17b3ddb43
gat_rewired_spatial_knn_k6_seed43,sweep,gat,rewired_spatial_knn_k6,43,0.04356170368139392,0.029592306135072757,0.06439031100151822,1,0.3989222049713135,50183c9d28eeef925f7ac4c6f34d6aa456f8a23dec168fe77c13125341b5de4d
gat_rewired_spatial_knn_k6_seed44,sweep,gat,rewired_spatial_knn_k6,44,0.0485508360562705,0.018532741827251852,0.06150106010576374,1,0.4194824695587158,17519fa7f92362496b7d15b7075d0399e3b95401c46f7fe225813daeb9517cd6
gat_rewired_spatial_knn_k6_seed45,sweep,gat,rewired_spatial_knn_k6,45,0.04097851150752189,0.014044955172030176,0.06302658374860871,1,0.3998265266418457,146a673174e0ddba71f180a88695ce19ae3406c3319edeb6a4a6134acea7a04b
gat_rewired_spatial_knn_k6_seed46,sweep,gat,rewired_spatial_knn_k6,46,0.1296856615449186,0.05500382963362196,0.08945372862964525,1,2.6367781162261963,f9d4b1a36dfa61fb559b3fcc93b333ff996413fb4dd71630b790311d4e39d498
gat_rewired_spatial_knn_k6_seed47,sweep,gat,rewired_spatial_knn_k6,47,0.05814933093772704,0.014422990526022327,0.05439004369616455,1,0.6450185775756836,7e65885a927ce0d1b3937e662e4b69526db9a78fee5145899e87348eb0a820ae
gat_rewired_spatial_knn_k6_seed48,sweep,gat,rewired_spatial_knn_k6,48,0.03553602761773637,0.022608944049750865,0.056444543851537646,1,0.4358227252960205,3f31366988fabe0aa81c1afac9cad2e9ad376e02dd95870a5a9020a7fcd934be
gat_rewired_spatial_knn_k6_seed49,sweep,gat,rewired_spatial_knn_k6,49,0.045798542787350204,0.02575016583193837,0.06310113663011706,1,0.5963866710662842,7151ce9710f75ebf4ec1ac51844d97e49166efb65b02b684e1ebf90b0ab2a640
gat_rewired_spatial_knn_k6_seed50,sweep,gat,rewired_spatial_knn_k6,50,0.09862416548316914,0.04504679007969327,0.08277859170954864,1,1.5670244693756104,239816ef82bd3c661d786ec1662114aa0cb4713323b280865793e2334755c9c0
gat_rewired_spatial_knn_k6_seed51,sweep,gat,rewired_spatial_knn_k6,51,0.07306752980798188,0.02995918338422923,0.06972255196648668,1,1.2001185417175293,281108d8088dc202c7710eb67be3283cf015d0c97336751226aac8cb42000dcd
gat_shuffled_spatial_knn_k12_seed42,sweep,gat,shuffled_spatial_knn_k12,42,0.06309556019673628,0.03875640771513769,0.09324678499892676,1,0.8454806804656982,488b43f23187b024af0a8d9fd478dfe6a7643e5121a6a2c0355305bfd9707880
gat_shuffled_spatial_knn_k12_seed43,sweep,gat,shuffled_spatial_knn_k12,43,0.07787770830373571,0.06425957188551923,0.11610282907342592,1,1.0999927520751953,f2837049ea0cd1bbdac908cded188fa09ca742047b5aa21c5ec9ec6dc477054e
gat_shuffled_spatial_knn_k12_seed44,sweep,gat,shuffled_spatial_knn_k12,44,0.056795395264771564,0.03465552654258162,0.0856322404391944,1,0.5507633686065674,89ff7841ec8e142df58f181e6bb5dc47e32aa1f078e71c26f6a735bc46aba2d9
gat_shuffled_spatial_knn_k12_seed45,sweep,gat,shuffled_spatial_knn_k12,45,0.050495835293715624,0.024489184057613588,0.07161475176728814,1,0.44301319122314453,c9ed0a061932e2be02138621617d9075e7b695d833600f44996c4fa608bc112c
gat_shuffled_spatial_knn_k12_seed46,sweep,gat,shuffled_spatial_knn_k12,46,0.06319982619629513,0.057798824213098815,0.10350865190855424,1,0.7937381267547607,ec3a48825c2e7df3fa5aecffe112253c15e1a4f36896181e46b28d1b6a379e97
gat_shuffled_spatial_knn_k12_seed47,sweep,gat,shuffled_spatial_knn_k12,47,0.048555860046546835,0.020121197450696376,0.0581451841683063,1,0.49509644508361816,261bf8ca2aec26894159f529adfeb2d3ecb8b19f9a4dc0ef91052f99d8cdefee
gat_shuffled_spatial_knn_k12_seed48,sweep,gat,shuffled_spatial_knn_k12,48,0.05021766811615272,0.026967438035579976,0.0688702549946222,1,0.4586658477783203,276e1d6d04bddbac94a31b40e95438ed8049150755ec49cd86bb7174dd11c1cc
gat_shuffled_spatial_knn_k12_seed49,sweep,gat,shuffled_spatial_knn_k12,49,0.09194069199527721,0.07251371641136392,0.11108461659570111,1,1.1240580081939697,c77f86d31257971edacc6a9668a8b425c7ddc9762b573b3cc5f20c91d37921fd
gat_shuffled_spatial_knn_k12_seed50,sweep,gat,shuffled_spatial_knn_k12,50,0.06518584632903797,0.035320605745486476,0.07452713401449189,1,0.46320605278015137,f2b0cbf7735746b821ea562ce2df389df1f4e137e94205e18c9094b56dfa69ce
gat_shuffled_spatial_knn_k12_seed51,sweep,gat,shuffled_spatial_knn_k12,51,0.04970218404385884,0.05357364249463318,0.0836233041186191,1,0.6370627880096436,3a3eb6a91b1df63a18acaf4685b368f509b177cef8cfd9adef55d501b5711c6c
gat_shuffled_spatial_knn_k6_seed42,sweep,gat,shuffled_spatial_knn_k6,42,0.19464480696901906,0.17261848412567157,0.23036934903361916,1,2.7731077671051025,0c7de9c1b8df3356d1f0254001336b402f25e47d39e83e94f633dc33a7c11c57
gat_shuffled_spatial_knn_k6_seed43,sweep,gat,shuffled_spatial_knn_k6,43,0.16733290899252237,0.16676097933565295,0.22354680412679176,1,1.9978375434875488,f46bd6481f5a94d7dd146be08232da6e5c0eac2a391c7889816a28dbcd109ddf
gat_shuffled_spatial_knn_k6_seed44,sweep,gat,shuffled_spatial_knn_k6,44,0.1559621843141202,0.12752689587307656,0.18365858657127626,1,1.3584132194519043,bf943657236bf5a3d6382859bf9da81846ea9f181611fd697f056fbeb9a7b436
gat_shuffled_spatial_knn_k6_seed45,sweep,gat,shuffled_spatial_knn_k6,45,0.16828969145240205,0.1482481177796313,0.1974760513194215,1,1.421900749206543,22e0adf776f7de433e2c7c18a49d6f7597096855d066e622319059e02eb64ae5
gat_shuffled_spatial_knn_k6_seed46,sweep,gat,shuffled_spatial_knn_k6,46,0.18887525423406298,0.17435640168800637,0.23007506116755655,1,2.094022035598755,681a880ef7d6b047c13f1a24924b5e54e54fb69ba0311207fa258169015fea2b
gat_shuffled_spatial_knn_k6_seed47,sweep,gat,shuffled_spatial_knn_k6,47,0.18578651857954478,0.18621769901473478,0.23749457765026,1,2.4819753170013428,f7018fa6105108f00abf629514010e2d890a9afe1efcdf14bdbfb76841b5c977
gat_shuffled_spatial_knn_k6_seed48,sweep,gat,shuffled_spatial_knn_k6,48,0.20487894304340626,0.17546944872826878,0.2343528006585995,1,2.931004047393799,60741571ed67dba566442bfdac11ca6f703d01b1a00ce7f39b5e43ce4042e8ca
gat_shuffled_spatial_knn_k6_seed49,sweep,gat,shuffled_spatial_knn_k6,49,0.20113912844791723,0.16032607301220117,0.21227664189098222,1,1.978592872619629,e9d4349fcfeee8a9605969cbb9c2a8d416bc40bae7358eb4f7a5c8e9b76fff5c
gat_shuffled_spatial_knn_k6_seed50,sweep,gat,shuffled_spatial_knn_k6,50,0.21430755973487622,0.167026768106447,0.22936110030376242,1,2.404113292694092,75672ce6b06eef9fcd4ceee76d15274dd74acfffa419de3a8f0d32989bbf1288
gat_shuffled_spatial_knn_k6_seed51,sweep,gat,shuffled_spatial_knn_k6,51,0.2213950180452443,0.201445974938024,0.26132283005907214,1,3.0394654273986816,f302a9a867715eaaea30d1a7dc64c74204de451191219da03052297a5f2dd99f
gat_spatial_knn_k12_seed42,sweep,gat,spatial_knn_k12,42,0.4946308121679498,0.5200473732831055,0.6076307727201067,1,1.732436180114746,5d23b04ab043ee8a776f40ce7ac8b7f30b5ac35fa1e0018c5d168e4824645c67
gat_spatial_knn_k12_seed43,sweep,gat,spatial_knn_k12,43,0.4677657946922711,0.5176179384827616,0.5911497900260106,1,1.5319368839263916,00df3d6fd77eb795630929be78552bd062bdab2332c3b016a1eb52e789a16d18
gat_spatial_knn_k12_seed44,sweep,gat,spatial_knn_k12,44,0.4851653897084079,0.5784258482097947,0.6560448125066982,1,1.9025523662567139,9f9a8f85d7bb1639ae6fc11b65c47c8f7d3e63c3467df5b0c3ed9d7ebeb00598
gat_spatial_knn_k12_seed45,sweep,gat,spatial_knn_k12,45,0.48398749777166133,0.5457053425460419,0.6257831944069323,1,1.7992913722991943,d74548c19dec6b681e0d81bfc5d705e13221c768602c2e6ec9a9944e9c70beee
gat_spatial_knn_k12_seed46,sweep,gat,spatial_knn_k12,46,0.4970066222979028,0.5648977633251157,0.6595348709104176,1,3.0194194316864014,e3763ca6bf434647b1b30193babfe005d15b2b1455b9903b31f724c299500277
gat_spatial_knn_k12_seed47,sweep,gat,spatial_knn_k12,47,0.5375743419319249,0.5706073054924279,0.6563483862358221,1,1.7426815032958984,a78d848fee4be41d1bd3753b9585e3f527ea2711f1c4a6141d595a2ad9f6478a
gat_spatial_knn_k12_seed48,sweep,gat,spatial_knn_k12,48,0.4852202488677823,0.574239378409073,0.6640937144040694,1,1.4696965217590332,96244f0671595cf5acde7afa5ab5378ad63057e79dd76faf0f0352bb07a77276
gat_spatial_knn_k12_seed49,sweep,gat,spatial_knn_k12,49,0.4868706515544076,0.5321597496418785,0.6154508707495266,1,1.3911020755767822,7536dcd016b9d76ba6d3f74713ac6bccf047241397997b15f735a9d6cf0e462e
gat_spatial_knn_k12_seed50,sweep,gat,spatial_knn_k12,50,0.5305997720893436,0.5502523168554364,0.6408719248492248,1,1.8141777515411377,45be1ca5f778bb2e4c180b7ec01dcb28f95984dfceaec39e68974c6564f399b5
gat_spatial_knn_k12_seed51,sweep,gat,spatial_knn_k12,51,0.5248187770314822,0.5451838941887963,0.6276307617622012,1,1.4323179721832275,5639eb5b758cdb328d69570d94c5a7631035b8b041f08fa09001f5b270bab12b
gat_spatial_knn_k6_seed42,sweep,gat,spatial_knn_k6,42,0.2201004938319831,0.28856728976436774,0.3935970359703532,1,0.916511058807373,4a5f3bbc12958f407bbbdc1d1f5e3aab7817ab5b2225c5070c7cdf147dcafc3e
gat_spatial_knn_k6_seed43,sweep,gat,spatial_knn_k6,43,0.5713315650192046,0.5599890812267866,0.6347263396726426,1,1.8631713390350342,cbb736085e6f52b4bee9a64bcf6205412c6239c5f1b6f6b013ab81153dcc631d
gat_spatial_knn_k6_seed44,sweep,gat,spatial_knn_k6,44,0.5557685447405908,0.5808775412226608,0.6589202169708841,1,2.243009090423584,150749fb3dd9452455ddbdf167a07365d85e25485572ef71ed8310bc6b25e95d
gat_spatial_knn_k6_seed45,sweep,gat,spatial_knn_k6,45,0.5737031407411861,0.5535652488161301,0.6304285650754657,1,1.568636178970337,353e1dd9f2b59a2827facf014cc4263872f9544fbc5e0f5445d28e29a55d4c13
gat_spatial_knn_k6_seed46,sweep,gat,spatial_knn_k6,46,0.5824739445787558,0.5596208322553322,0.6433053425228972,1,1.757472276687622,43c376f1fbe6df5e312948d0be55d5a1744747900543e929e58e4eb74a2513eb
gat_spatial_knn_k6_seed47,sweep,gat,spatial_knn_k6,47,0.623174569651173,0.5903400255443553,0.6763271099966094,1,2.2079739570617676,11355f6a6683c00e8968f4b505bf470eea779cc0e9254868abb4aecea04882ef
gat_spatial_knn_k6_seed48,sweep,gat,spatial_knn_k6,48,0.5975620542431189,0.56736736635998,0.6636475210183901,1,1.656923770904541,80fab5d1fb0e3e4b5fbd7fce956e08bf79f45d90ce850673289c8a2325932c02
gat_spatial_knn_k6_seed49,sweep,gat,spatial_knn_k6,49,0.6351251463085273,0.564615279891258,0.6572839360018277,1,2.2917137145996094,853d4512a98ca9a4d76503dc895e5c062c173eba789d58c0119656ff7108dab8
gat_spatial_knn_k6_seed50,sweep,gat,spatial_knn_k6,50,0.6116480770661188,0.5733336944148372,0.664188581182662,1,2.3440775871276855,c48b7416c54ea50f9b428a71b7387385f47c8b31784842b7c8300216f2864af1
gat_spatial_knn_k6_seed51,sweep,gat,spatial_knn_k6,51,0.6184970169795821,0.5547782222956906,0.6370419854239696,1,1.5310461521148682,2c416bdac1e7ad388d406ac372b52176fb98a289996ca7c28e42a35a214cb884
gcn_bipartite_ref_k20_seed42,sweep,gcn,bipartite_ref_k20,42,0.7413497268665049,0.5456011998643854,0.6265436611794906,1,3.2139220237731934,0aabad1b476964c53c6de39af3b4350264007dd4311b70fd4424a85bd2452223
gcn_bipartite_ref_k20_seed43,sweep,gcn,bipartite_ref_k20,43,0.6934180265132754,0.5456205676811238,0.6277289641951888,1,1.7189645767211914,8c4d467db0510d09d2f4e4ac4ddf5ff00510eb004f019594a8d05ee193758498
gcn_bipartite_ref_k20_seed44,sweep,gcn,bipartite_ref_k20,44,0.677055730469205,0.543913084777066,0.6223647540484557,1,1.581634759902954,3bd51f14846a77492fcbd029c0b06be075c54e564ab4671484750956e62d3286
gcn_bipartite_ref_k20_seed45,sweep,gcn,bipartite_ref_k20,45,0.6983488237736788,0.538769199829769,0.6161598503663119,1,1.7539608478546143,18756ccf04c6b06ed9b90df39d8dd75c6fa0e55789f47a0d46568906932874f9
gcn_bipartite_ref_k20_seed46,sweep,gcn,bipartite_ref_k20,46,0.6870863298490486,0.5449709039737773,0.6277981398656242,1,1.5528881549835205,735437d83e2a6e2ca3bf82e788bdbd6f563911f9e510ce803cbd2c7f88d13dbd
gcn_bipartite_ref_k20_seed47,sweep,gcn,bipartite_ref_k20,47,0.6883294162233335,0.53946392209211,0.6168844009300288,1,1.5820398330688477,119f5ee06e825c3469d9e164e5920dedae9ba671aa888c8329d7f7adf40affe3
gcn_bipartite_ref_k20_seed48,sweep,gcn,bipartite_ref_k20,48,0.6933092032296403,0.534391353348887,0.6117705758236279,1,1.6136176586151123,620a45975dc500343196edefa5e667ff7a1a26375c956525acc5d54a78eb2a48
gcn_bipartite_ref_k20_seed49,sweep,gcn,bipartite_ref_k20,49,0.7040354600071604,0.5460872430473561,0.6323925195585315,1,2.2123169898986816,590c40f59eda3d6eee7a84a828d2c30ff5869a172715bc4b411bb80a5734da14
gcn_bipartite_ref_k20_seed50,sweep,gcn,bipartite_ref_k20,50,0.6898885306169127,0.540787015217669,0.6232544954906052,1,2.0437726974487305,e250e762ccdf2f91a745309927fa3dec265ea89f6096d462299eb92235a0b220
gcn_bipartite_ref_k20_seed51,sweep,gcn,bipartite_ref_k20,51,0.7122542775647573,0.5446226996657045,0.6295719517508049,1,2.610199213027954,6ed770c3258f5de894129b54ca37ba592b146a4ab2f3f4200f8ea74ea6f63d28
gcn_rewired_spatial_knn_k12_seed42,sweep,gcn,rewired_spatial_knn_k12,42,0.1220560884132458,0.04257136053022425,0.0689557300626594,1,1.7555434703826904,41b9de47e890718daa0b9aac7b939a13cf0c1188d69b0e699c7e4fa8d3308655
gcn_rewired_spatial_knn_k12_seed43,sweep,gcn,rewired_spatial_knn_k12,43,0.038576218773093716,0.008810379109953971,0.05824255628177197,1,0.3410170078277588,cec4fee67c3ea0301f29eb171398d4f9ba55bbb26e6daf7d699d98d251748d82
gcn_rewired_spatial_knn_k12_seed44,sweep,gcn,rewired_spatial_knn_k12,44,0.08039892597030693,0.009689794923566397,0.06038891656722741,1,0.8835687637329102,4ce30a64dbeb479554f241a0dda9b178a3d5e0c5e60914c416838b2fa310707e
gcn_rewired_spatial_knn_k12_seed45,sweep,gcn,rewired_spatial_knn_k12,45,0.05707535650099678,0.024641046582716392,0.05853390450537449,1,0.40851664543151855,e688cb1431d72ee24f4abd6cb06462449fa31b96bc9d70b6d80bb31f94ee4697
gcn_rewired_spatial_knn_k12_seed46,sweep,gcn,rewired_spatial_knn_k12,46,0.04959545594456648,0.007980577578246889,0.06034786330088229,1,0.5699734687805176,7289155258c254a5ea18b98c84c8b300e84e98d34ae199b9b0a285d2034e6cb8
gcn_rewired_spatial_knn_k12_seed47,sweep,gcn,rewired_spatial_knn_k12,47,0.03730204417857325,0.0041940252329059095,0.058823529411764705,1,0.3868381977081299,c58d32feb10bd422ec1ab98e65eefd5768e01536fd24b237be4b4a1117e60b24
gcn_rewired_spatial_knn_k12_seed48,sweep,gcn,rewired_spatial_knn_k12,48,0.049279506897235426,0.011805633166231063,0.0594190416749566,1,0.4360206127166748,524203685b263e95a562d2d615647665f690653e4a4c6d640ddffba6a760c599
gcn_rewired_spatial_knn_k12_seed49,sweep,gcn,rewired_spatial_knn_k12,49,0.05040389044686259,0.012439047370021673,0.06079228897844995,1,0.3800168037414551,8ce7983bf936459157ab8200871fc227bd5a253cf3a091689a83b85cbfd1a448
gcn_rewired_spatial_knn_k12_seed50,sweep,gcn,rewired_spatial_knn_k12,50,0.026491037780990403,0.007334081434358537,0.05327175977358896,1,0.3411445617675781,1ef44607bdbde1a41375aabc1a0a72fb73273f43786e6d315baa911798d62f8d
gcn_rewired_spatial_knn_k12_seed51,sweep,gcn,rewired_spatial_knn_k12,51,0.04466830584624736,0.009274584935983814,0.058793323950360216,1,0.5045654773712158,74df8572a39c29b8bc51d60c7d0ba951a4d5afd21d0531bb070d5df2e05a2b48
gcn_rewired_spatial_knn_k6_seed42,sweep,gcn,rewired_spatial_knn_k6,42,0.17176933143798084,0.05721125237092387,0.08433424918331393,1,1.4882659912109375,a0abd92f7a4a662581387098be7c2e54229240d121d8c229e670d372b10bc5de
gcn_rewired_spatial_knn_k6_seed43,sweep,gcn,rewired_spatial_knn_k6,43,0.16762498051614524,0.049102862697185855,0.07707626417492444,1,1.5738551616668701,145015dd2a5ce2644fbc1f5d536ae25f78511c6f4adffe3288b24c3595c3573b
gcn_rewired_spatial_knn_k6_seed44,sweep,gcn,rewired_spatial_knn_k6,44,0.19621180254141415,0.05347873461779893,0.08110081944267573,1,1.9347929954528809,89e13edfef8c762747c91f344f68f734760a88b846004575204d183dab6f78a2
gcn_rewired_spatial_knn_k6_seed45,sweep,gcn,rewired_spatial_knn_k6,45,0.02986317911800086,0.001530832046420179,0.05924755719384471,1,0.28846120834350586,577a5409cfb701fde3f87f45f9a258f4fb3502d63f7afaad9047ee4d1f4694d1
gcn_rewired_spatial_knn_k6_seed46,sweep,gcn,rewired_spatial_knn_k6,46,0.06973686733743023,0.015092967799155716,0.06457520972418127,1,0.4122791290283203,c57050965bdf8d2416842210e1ac62e5a413d9da74fa6cb9a1190108c6cbbb63
gcn_rewired_spatial_knn_k6_seed47,sweep,gcn,rewired_spatial_knn_k6,47,0.17318723680938253,0.06126311981487296,0.08553052725088547,1,2.1385836601257324,c98f5a29f15c85c6309e707a5dcf07162fa084a5d36ece93d9d832f102fa71af
gcn_rewired_spatial_knn_k6_seed48,sweep,gcn,rewired_spatial_knn_k6,48,0.18107500876561025,0.037562828761780354,0.07969500255659573,1,1.7749278545379639,1ece837d98bf04598a8b65eb494d3e9e57ba67536900c158ba744c9f13547d41
gcn_rewired_spatial_knn_k6_seed49,sweep,gcn,rewired_spatial_knn_k6,49,0.18961325286384453,0.04087197579856472,0.07983696077204092,1,1.7185547351837158,e38c19071000abb2fa16ca735e261a796ad654dfafdaab12a8c0c2c6a0b8bfc3
gcn_rewired_spatial_knn_k6_seed50,sweep,gcn,rewired_spatial_knn_k6,50,0.17570263726023064,0.0578605482609724,0.08267498171970825,1,1.6958527565002441,e8a3b17464e3134532ebfabc1c6773f44fa255705bac22f7fdb8425cf8710474
gcn_rewired_spatial_knn_k6_seed51,sweep,gcn,rewired_spatial_knn_k6,51,0.15761214043139637,0.045227488136334634,0.07925840332882787,1,1.4846820831298828,466acaa0bd5a608b850a70f53d07d758b92e246768a0f476604c480bd691b1d1
gcn_shuffled_spatial_knn_k12_seed42,sweep,gcn,shuffled_spatial_knn_k12,42,0.1154185021873343,0.11071080946308198,0.1593044502775275,1,1.3780596256256104,aa1dc64c90fc354b64ef5bb299fbfd88f524b9c16f70cf4745a5c5a25339b0b6
gcn_shuffled_spatial_knn_k12_seed43,sweep,gcn,shuffled_spatial_knn_k12,43,0.1063051966988885,0.11969993778301376,0.1575736679328053,1,1.0629072189331055,78072ae611a09496c112525b6704a2cb720e1eed8b68ee7c29869dd3184a4637
gcn_shuffled_spatial_knn_k12_seed44,sweep,gcn,shuffled_spatial_knn_k12,44,0.13050801641422144,0.11505265997340419,0.16273575862908202,1,1.3183023929595947,1556188ab8dd91960ca81224b16a902e9a52ad77aa3d50f12cb6a3de7821c607
gcn_shuffled_spatial_knn_k12_seed45,sweep,gcn,shuffled_spatial_knn_k12,45,0.13165840909051063,0.12160466452367241,0.16560746075152705,1,1.6116602420806885,d8bb74cb45dec8ee538d919b1f30bdafa1406a768aae26f8429719d1b7ab0271
gcn_shuffled_spatial_knn_k12_seed46,sweep,gcn,shuffled_spatial_knn_k12,46,0.13343837947631676,0.10968570336775803,0.15809356858724657,1,1.5496327877044678,058bde834baf2651ef93894a4be0645fa1548313bceb1b7b0385524adb29daf1
gcn_shuffled_spatial_knn_k12_seed47,sweep,gcn,shuffled_spatial_knn_k12,47,0.13078654114216756,0.11232377187961683,0.16095483006881064,1,1.626781702041626,7281fd3dc2f5a0278ab8b21d9ae729f5b02336f42d059d2b5fcbe1ca47f18523
gcn_shuffled_spatial_knn_k12_seed48,sweep,gcn,shuffled_spatial_knn_k12,48,0.11559246531708782,0.06169008431431595,0.12481151508735888,1,1.0899748802185059,94b077bb1cc5e13e7d3bffaf3867da1de87a8c1f23dcbdfdb30f577a4f448505
gcn_shuffled_spatial_knn_k12_seed49,sweep,gcn,shuffled_spatial_knn_k12,49,0.12176367661408738,0.10554516710420132,0.13910736506379853,1,1.1609814167022705,9527c7636c1d849f5d92ac36cb94d4882b935357703499ee7bcafaa5a8924180
gcn_shuffled_spatial_knn_k12_seed50,sweep,gcn,shuffled_spatial_knn_k12,50,0.1244299189024137,0.13911826477610087,0.17204954376314766,1,1.2108354568481445,af5423d2f1f53acd2a575e4214d89bf7864eabc2c54e5903be28fe0182750c37
gcn_shuffled_spatial_knn_k12_seed51,sweep,gcn,shuffled_spatial_knn_k12,51,0.12390636546978033,0.12164285859269952,0.16991011789692198,1,1.6035826206207275,b89abc52ed4109672e374cf318e51c1f0ae6f5b5f7cf053c9859fc1a7b9a76ee
gcn_shuffled_spatial_knn_k6_seed42,sweep,gcn,shuffled_spatial_knn_k6,42,0.18057020054757128,0.1644174998721449,0.21646779371286146,1,1.349208116531372,a8d204a397822f59bea4a9cc7361dbddae90307509531fe90977f2c10498cc7c
gcn_shuffled_spatial_knn_k6_seed43,sweep,gcn,shuffled_spatial_knn_k6,43,0.1871518846823148,0.16947880167704185,0.216233066955768,1,1.3001601696014404,d948b6f8e93ba41d2dd1807be57e7af8fd3b1a49dd60a8559ce1fc4f0cac7302
gcn_shuffled_spatial_knn_k6_seed44,sweep,gcn,shuffled_spatial_knn_k6,44,0.18581749482928558,0.181691864354659,0.23772675368398707,1,1.45149564743042,9a8902f12125440716e721c848c63050d2b89d9b849df67c33e4e9f1f1c3e15b
gcn_shuffled_spatial_knn_k6_seed45,sweep,gcn,shuffled_spatial_knn_k6,45,0.16470280696625433,0.16390169519539852,0.20991331935705002,1,1.2260384559631348,f430a7917126421ccd7bed0b814f6cc9da4512d49754a5b6c7a87ca8770b5b97
gcn_shuffled_spatial_knn_k6_seed46,sweep,gcn,shuffled_spatial_knn_k6,46,0.20908160584938662,0.1680442842704392,0.21960476720508146,1,1.6544058322906494,00bd921cb6f4a2ade1e33cfabc0a0a882b731baa041c1af1e1a56d58a4ab68b9
gcn_shuffled_spatial_knn_k6_seed47,sweep,gcn,shuffled_spatial_knn_k6,47,0.16981072080281764,0.1474792317247263,0.20291898763309363,1,1.0432963371276855,4bad084bd1db6ea475deca4347bcec8a7fd719467a7f3b0c0c5b08c167c6e76c
gcn_shuffled_spatial_knn_k6_seed48,sweep,gcn,shuffled_spatial_knn_k6,48,0.1762564067099884,0.14373443751495174,0.21339472049433797,1,1.3362352848052979,100d70bec45e5856ec491979660405301d1b014f0138dc88f8b8e4bc04f0c147
gcn_shuffled_spatial_knn_k6_seed49,sweep,gcn,shuffled_spatial_knn_k6,49,0.20078639470220114,0.18377328663083659,0.23336749369464121,1,1.699446439743042,91be57ddc40fa62ae565710c66f750c29a476b2aefb9f47bfc01b19bdc9cfa67
gcn_shuffled_spatial_knn_k6_seed50,sweep,gcn,shuffled_spatial_knn_k6,50,0.20598093083448377,0.19871471847005817,0.24542892108587142,1,1.7427093982696533,3e598a284364e51788c87df809fe04aab43831851cae9a3ba734619868026bcc
gcn_shuffled_spatial_knn_k6_seed51,sweep,gcn,shuffled_spatial_knn_k6,51,0.17377902833275335,0.18502388724938576,0.23009176055393493,1,1.5746307373046875,0ec2d549b800c0b1a01982d611f04d81e3a46f6476b8663445736ff34eea7979
gcn_spatial_knn_k12_seed42,sweep,gcn,spatial_knn_k12,42,0.5311493103819869,0.5470401626760735,0.6264704831872613,1,1.2155752182006836,c56618b5e568b600ee8f2632f2ef57d48dc54048059dcbf300cc6e05d1411361
gcn_spatial_knn_k12_seed43,sweep,gcn,spatial_knn_k12,43,0.5531350835486925,0.5377410634185539,0.6171576159133361,1,1.3184032440185547,5e21e8c2ac1c9bba1fba96afc67b61b7241ec8a53167826e933e609b14c95a8c
gcn_spatial_knn_k12_seed44,sweep,gcn,spatial_knn_k12,44,0.5049963659463181,0.5573612157707654,0.6412064224090189,1,1.2640631198883057,0106026380c32cfa6793f2e7e8dd21cde823cc5a1588523861b2660849ca2257
gcn_spatial_knn_k12_seed45,sweep,gcn,spatial_knn_k12,45,0.5350582682868875,0.5626297618477405,0.643862361795493,1,1.3832402229309082,9dd3bb349aff3072bce9a65da5ac82497757c9f17b7925905368f989843d6669
gcn_spatial_knn_k12_seed46,sweep,gcn,spatial_knn_k12,46,0.5145846859141051,0.573268697787684,0.6679025219853029,1,1.5382273197174072,844f30c696dd638941714503f5a3d059796df49385a1beca6a3f2a047a3614b8
gcn_spatial_knn_k12_seed47,sweep,gcn,spatial_knn_k12,47,0.5566426270955722,0.5730683688445994,0.6577337722470751,1,1.490722894668579,20101a0c7ea0dbba2f9d3448b5d2b987a10ce32ec02fbe792008b4082f52dabc
gcn_spatial_knn_k12_seed48,sweep,gcn,spatial_knn_k12,48,0.548430486812109,0.5754794609090866,0.66544378332604,1,1.8788321018218994,c1be276981f3b50c054677ec1b01db1d1f95512ef3e3e18014d71305d9bdaf21
gcn_spatial_knn_k12_seed49,sweep,gcn,spatial_knn_k12,49,0.5553905491914376,0.5500921246697305,0.6291849341187895,1,1.3113899230957031,b29c0d616ed2edcadc3cd4d9879c06a058f8c01c2a498ccfadd1e3378ce6b7bc
gcn_spatial_knn_k12_seed50,sweep,gcn,spatial_knn_k12,50,0.4912257976541088,0.5124191781176921,0.5978433887950564,1,1.008662223815918,0ca0752f58e1d7624b9d9fdcfbfec0edeb863f60c91ed26a27fe3201b01ccc4b
gcn_spatial_knn_k12_seed51,sweep,gcn,spatial_knn_k12,51,0.5427252539726475,0.5558703054486621,0.6338805386137982,1,1.450105905532837,9b2fba21fd350285e29ea077b3f9e1eab0ec7b15fbbdb4a49e709fac456550ff
gcn_spatial_knn_k6_seed42,sweep,gcn,spatial_knn_k6,42,0.2636226591182415,0.29174237112787066,0.39411074655104733,1,1.1160120964050293,b4875b111335cf4ae0b4bd8e7708bc18eb25aebee7314ca420e3e56fe4b4ecce
gcn_spatial_knn_k6_seed43,sweep,gcn,spatial_knn_k6,43,0.6412102055745172,0.5647878714262717,0.6424709959836723,1,1.4976580142974854,d1f596183fb3e98375b34f781a49dd90a2821d580f770c03b67cf285c7a3ceec
gcn_spatial_knn_k6_seed44,sweep,gcn,spatial_knn_k6,44,0.5947491525190809,0.5632934257421812,0.6444750207221511,1,1.0227844715118408,60b48bfd1d92c4e416357aef2cb127c3ad351ae78456096b24d5a346943293ef
gcn_spatial_knn_k6_seed45,sweep,gcn,spatial_knn_k6,45,0.6386128685946465,0.5725754830729968,0.6523907764445306,1,1.4986491203308105,271425e7d5117e18b4e7dcc320801fcbe144e65b076cc08df08dcaa0bce8b580
gcn_spatial_knn_k6_seed46,sweep,gcn,spatial_knn_k6,46,0.6227702942990921,0.5772814627295514,0.66899911763567,1,1.7897741794586182,f937ad97e6d5b12fe76b48c89d0af12b0272c84a2f5dfcfe903402cb3993ffb2
gcn_spatial_knn_k6_seed47,sweep,gcn,spatial_knn_k6,47,0.6449791208233497,0.595207405489462,0.6779027364087366,1,1.6472432613372803,94186da026a79e81d96cca5add491fbe1f30369ec0c034ab4afb7fec83a40109
gcn_spatial_knn_k6_seed48,sweep,gcn,spatial_knn_k6,48,0.5957411547660556,0.5450214181132488,0.6295660080884623,1,1.0354030132293701,ecd5cc64fbddeff4b179ee991005ee057982afa07e7c6e5bae21ed3b2887b116
gcn_spatial_knn_k6_seed49,sweep,gcn,spatial_knn_k6,49,0.6207778719848004,0.566825744155266,0.6446242909787153,1,1.2807111740112305,b92a5f357f0b114e01f04037c7a5a0db13ed02de547a46346151a280a3617b28
gcn_spatial_knn_k6_seed50,sweep,gcn,spatial_knn_k6,50,0.6165135545950801,0.5863173229847556,0.6720507395323222,1,1.448028564453125,a99a3625ace2ed5430b2871c1e26c9ae7cce441e99b3a04d6157f3d9783019ae
gcn_spatial_knn_k6_seed51,sweep,gcn,spatial_knn_k6,51,0.6048940458807422,0.5571084057875083,0.6346256287161994,1,1.248537302017212,9910313f79ffdf3056ebbfc9844427e2410112cf5086dcede4b2ba5274cf103e
gin_bipartite_ref_k20_seed42,sweep,gin,bipartite_ref_k20,42,0.7021336188140761,0.5432357889934382,0.6265938151430267,1,1.1759886741638184,3cc30cc87f4eee266ccd48ca036f6ef0f58b22f88ebbf3824ec52c5204e6011d
gin_bipartite_ref_k20_seed43,sweep,gin,bipartite_ref_k20,43,0.7435290519235637,0.5475398252821214,0.6313871369950357,1,1.9417941570281982,768ac5e0a3cdbe75b705c8bd370acb4422b837f086c9aceb764fcc4255b16060
gin_bipartite_ref_k20_seed44,sweep,gin,bipartite_ref_k20,44,0.6864812931262759,0.5338545211123105,0.6080322698184746,1,0.8814151287078857,4bce6a7d520ebc2f3a54f8ef13734d6595fa0302ae2cc598512f098f3e1cd231
gin_bipartite_ref_k20_seed45,sweep,gin,bipartite_ref_k20,45,0.6953615426786129,0.5448351824559555,0.6257623566335097,1,1.0720908641815186,76ce7d628e342f32b40822e9aca61bfca1114bd242908d73092e985fc91c2982
gin_bipartite_ref_k20_seed46,sweep,gin,bipartite_ref_k20,46,0.6938215401012194,0.5323894540282446,0.6131584981463161,1,1.0622293949127197,0e77f04e242d91eeb3cc4a8ee4cd547097cf8d890f11cd508be5ec57b4e02f36
gin_bipartite_ref_k20_seed47,sweep,gin,bipartite_ref_k20,47,0.7007988820534827,0.5443908958494718,0.6322396228863986,1,1.009045124053955,c575390656afde5a8df0da56d6049affc05fc1e760b912ebb98204f31ea8e2b4
gin_bipartite_ref_k20_seed48,sweep,gin,bipartite_ref_k20,48,0.7276708893626693,0.5429642955499129,0.619936546360898,1,1.6890010833740234,075db5b1d1d910d7daf5a906b65a9abe389584034a58f529f97fb1ab514ab52a
gin_bipartite_ref_k20_seed49,sweep,gin,bipartite_ref_k20,49,0.7001567381204117,0.5414384972821403,0.6242625851350713,1,1.175891637802124,29f14491307b7089eb2c71c76298aa51659b4cb76bbb6d635a01670670ec3f3d
gin_bipartite_ref_k20_seed50,sweep,gin,bipartite_ref_k20,50,0.7399428513270911,0.552070784105281,0.6321891027554456,1,1.475512981414795,50b3b2d41cc27f4b031308cf4aef22280645c0a3adc93716ea0527bb9b3bb737
gin_bipartite_ref_k20_seed51,sweep,gin,bipartite_ref_k20,51,0.696429087964193,0.5439003654265285,0.6286431525042366,1,0.9850656986236572,a27891207dc6f6ac6a00ba15d3cc495c3b59d9146b79a261852df9f51deb2c7e
gin_rewired_spatial_knn_k12_seed42,sweep,gin,rewired_spatial_knn_k12,42,0.11456330788138938,0.03788292939947793,0.06673660505011292,1,1.3150033950805664,c6ed80dd7d17efa5424d9695dabab9421dd9424a2f466cb68a6e5448f160f50b
gin_rewired_spatial_knn_k12_seed43,sweep,gin,rewired_spatial_knn_k12,43,0.04125097606894752,0.004741172984431629,0.058823529411764705,1,0.3593122959136963,cbd1eeed1dda9546cf529ea104c6a3e5551991e1a59eeb30d1af770c06252005
gin_rewired_spatial_knn_k12_seed44,sweep,gin,rewired_spatial_knn_k12,44,0.1262327502281094,0.03980561856365078,0.06611766215897467,1,1.4516229629516602,5d9d8ccc49e82d2e30153e89cbf0c57ba76fa3266150d88f438401e22b56f375
gin_rewired_spatial_knn_k12_seed45,sweep,gin,rewired_spatial_knn_k12,45,0.14016929576976836,0.0365410050099016,0.0725115841668592,1,1.2846360206604004,e9858d130c24e5a46ebe6eb4ba006c5570e9b290eda7a862d6efea2f01852791
gin_rewired_spatial_knn_k12_seed46,sweep,gin,rewired_spatial_knn_k12,46,0.026173749738076013,0.0,0.0,1,0.2796287536621094,31f729343518df73fa79373aab15496c3ffdb1cd76d9463539ddcab96214704e
gin_rewired_spatial_knn_k12_seed47,sweep,gin,rewired_spatial_knn_k12,47,0.06005146043479502,0.0010219483322588087,0.058958755916159566,1,0.37692999839782715,eb8a6eba2cf7010bfd212113b556e088bcfed747e2ebf9e87e207a4c175c29c9
gin_rewired_spatial_knn_k12_seed48,sweep,gin,rewired_spatial_knn_k12,48,0.09350768179344328,0.03534045045720704,0.06440434672533828,1,1.0417261123657227,b28fc2af7b833630cd82ca86bf5336fa03c854d6f5b2ab3c885333c9ab9b3681
gin_rewired_spatial_knn_k12_seed49,sweep,gin,rewired_spatial_knn_k12,49,0.1398858345755474,0.03848968593163662,0.058648517774509155,1,1.341780185699463,6e369280b2011c238927e7ae3eb59239b7b463ba005e769c6f2a13c254756bf7
gin_rewired_spatial_knn_k12_seed50,sweep,gin,rewired_spatial_knn_k12,50,0.1233932761053353,0.03877933527488089,0.06880441311027044,1,1.3066511154174805,3d2350b6b8ba70af1630c0a767d586bc1823ed5b30859edcb4880a49f1f5ee10
gin_rewired_spatial_knn_k12_seed51,sweep,gin,rewired_spatial_knn_k12,51,0.02211444720911904,0.0,0.0,1,0.2606990337371826,601e5f3e0a53da1ea63e0542417320817ac734993988766319403741042d9640
gin_rewired_spatial_knn_k6_seed42,sweep,gin,rewired_spatial_knn_k6,42,0.1559808702795121,0.039141883272693544,0.06090512500360794,1,1.1146762371063232,815cdab6b0425bd3f151745e23170996bbfb5383c6aba2483401b564f81102ca
gin_rewired_spatial_knn_k6_seed43,sweep,gin,rewired_spatial_knn_k6,43,0.17355288144146244,0.03906352544616175,0.07598553635894989,1,1.204226016998291,132646167174918cfcb28d00de24cb35cd535f96b2cb446ffde118c1665dcd42
gin_rewired_spatial_knn_k6_seed44,sweep,gin,rewired_spatial_knn_k6,44,0.07316761219745609,0.012876495471268226,0.05482772211675594,1,0.3689403533935547,25141e6147cd36a593aeaf3a62bd7f1fa9703ca66efaac3a86a1d272ddfbe8c8
gin_rewired_spatial_knn_k6_seed45,sweep,gin,rewired_spatial_knn_k6,45,0.1523700655404397,0.0349311420115522,0.06307867272246985,1,1.0256664752960205,e1cc242e240cf18035d2a2cabbec7d6b0a37bfb08d7cb6d8825f24c21b0dcdea
gin_rewired_spatial_knn_k6_seed46,sweep,gin,rewired_spatial_knn_k6,46,0.15493787763133937,0.03554435655485545,0.06219448364847828,1,1.0976951122283936,30aebb5f0d6d41fb2a9fd34d53a32d547e2439f203b0df174b39a3bc90f8ecd7
gin_rewired_spatial_knn_k6_seed47,sweep,gin,rewired_spatial_knn_k6,47,0.13723885012187237,0.04748223026990456,0.0745142202462383,1,0.9609212875366211,bd67bd66c8eeaa9b53dfed7d39319bd5f28532acecefdfc968852e87ffd8866c
gin_rewired_spatial_knn_k6_seed48,sweep,gin,rewired_spatial_knn_k6,48,0.17730985981411196,0.031924453096946546,0.06935646519378995,1,1.1168723106384277,4cb4bab663e6e81d45268272ed57d2f9a170055c442294bf6e2a611cee382fb8
gin_rewired_spatial_knn_k6_seed49,sweep,gin,rewired_spatial_knn_k6,49,0.15237680117253824,0.03852292504552787,0.06742886477909704,1,1.2602193355560303,fddd68244d89fe706ee9755ecdc46c56e8c5943dda78b1ba25e37d26989fec75
gin_rewired_spatial_knn_k6_seed50,sweep,gin,rewired_spatial_knn_k6,50,0.1529278936651825,0.05052373545652189,0.07229626262306618,1,1.122225284576416,83dce9b8b675844b0a2bf3301206dc476d33b4b5f2cfeab5169a42bcc518f5f1
gin_rewired_spatial_knn_k6_seed51,sweep,gin,rewired_spatial_knn_k6,51,0.17637370226499866,0.04709782982907771,0.06542543341628311,1,1.4023914337158203,c7c49c1afb0ac927a8acd3345955017015866faa947d99ace3e5a9ba021483c3
gin_shuffled_spatial_knn_k12_seed42,sweep,gin,shuffled_spatial_knn_k12,42,0.1289261160128992,0.09299887828532705,0.12091811188581539,1,1.37937593460083,eaa237df60db917eef11e9b22a44b9fc63eb82bafb07309021e1e0dd62f4cec1
gin_shuffled_spatial_knn_k12_seed43,sweep,gin,shuffled_spatial_knn_k12,43,0.14715900333301307,0.0839256602287976,0.13144857083098266,1,1.054372787475586,2f1e759489dbcb8191a8d644e1d0a40340f22c99792d345ec3b8241ea2986dad
gin_shuffled_spatial_knn_k12_seed44,sweep,gin,shuffled_spatial_knn_k12,44,0.14344928287671257,0.08689779899275096,0.1219832167381597,1,1.7031476497650146,ea7018fd235eb7ef7534e2ba93e614c499e9041bfff32637425ebcbd2463a0bd
gin_shuffled_spatial_knn_k12_seed45,sweep,gin,shuffled_spatial_knn_k12,45,0.1512425430038117,0.0747035720844938,0.11761207218113123,1,0.8925886154174805,749699b6ab36bef0d338afa45d681566784ae9f48158128b0516fbc45ad59fef
gin_shuffled_spatial_knn_k12_seed46,sweep,gin,shuffled_spatial_knn_k12,46,0.04575314504047194,0.0064173372318111115,0.004875704248252626,1,0.3039093017578125,65c73cd1e8536a1cf2f32ec3bdac2ae4f211179ebda0be80e168e8750658409b
gin_shuffled_spatial_knn_k12_seed47,sweep,gin,shuffled_spatial_knn_k12,47,0.12308423768136238,0.08488756246685725,0.1258691083539403,1,1.1031081676483154,c139371c5f74bb469d999dbb30dbb583e5251bd9ae728aaf443e56011251f03a
gin_shuffled_spatial_knn_k12_seed48,sweep,gin,shuffled_spatial_knn_k12,48,0.13165280874119595,0.09275059376717425,0.12679620157050553,1,1.5503275394439697,ee3cdaad6fdc2db8a9360cf4fc4a617dc74df0945657a0812d9ac033e9d202f9
gin_shuffled_spatial_knn_k12_seed49,sweep,gin,shuffled_spatial_knn_k12,49,0.1395576392519696,0.095040306962458,0.13410653117119944,1,1.5514259338378906,33ad8dafabcf75df6a15da2861cf9579a4a5d503b8f164ca6589db8dc85d1996
gin_shuffled_spatial_knn_k12_seed50,sweep,gin,shuffled_spatial_knn_k12,50,0.14332221114576357,0.08930570375595287,0.12973102670930722,1,1.3967256546020508,bde69847807fc21f977294a18a1b3f1b70d3b4ff4d8b1afbdbbb5813e521d852
gin_shuffled_spatial_knn_k12_seed51,sweep,gin,shuffled_spatial_knn_k12,51,0.13169107489558723,0.0976657323680369,0.1298723200778003,1,1.4882934093475342,cf209d43cf512646785775e49bfc693b99f3caa4325910d270263d74da778003
gin_shuffled_spatial_knn_k6_seed42,sweep,gin,shuffled_spatial_knn_k6,42,0.1906054091457972,0.11544143471857231,0.15622301798946683,1,0.9428446292877197,85778bcceb8674a6e6173f270510ac4e281e3716c426d3eab8ca2a49c57f22e7
gin_shuffled_spatial_knn_k6_seed43,sweep,gin,shuffled_spatial_knn_k6,43,0.19673271681181254,0.14574495605798407,0.19349130699474637,1,1.2395203113555908,51c8e1af628d4e3fea7732f0b394bf427dc264ba7afd246335574100904ae3fe
gin_shuffled_spatial_knn_k6_seed44,sweep,gin,shuffled_spatial_knn_k6,44,0.20266014733067542,0.1482413834859578,0.19243202948728091,1,1.2716445922851562,0108124c28d5ef33b9940e735b49fd7ba05d011737e21437df0c0694ba1ecdc0
gin_shuffled_spatial_knn_k6_seed45,sweep,gin,shuffled_spatial_knn_k6,45,0.20101086036086327,0.17081025969546088,0.21323144461497737,1,1.428666114807129,a08b00ca05adb11293bc1d1291ad0b08dc89522a3f9d6511be1d56f7758ec0ec
gin_shuffled_spatial_knn_k6_seed46,sweep,gin,shuffled_spatial_knn_k6,46,0.20123320135910583,0.14532639388824353,0.18626161553276838,1,1.3138158321380615,08011ada3ab62416878552885aeb78497f559ea921912a7a7f3b100cd7d90920
gin_shuffled_spatial_knn_k6_seed47,sweep,gin,shuffled_spatial_knn_k6,47,0.20032474995633295,0.1460848570208474,0.19599488155131395,1,0.8968510627746582,59346a24494ffe70e0ed7dafa93d72ef8a76ebe7f2e9c442a875de9ac4d2f07a
gin_shuffled_spatial_knn_k6_seed48,sweep,gin,shuffled_spatial_knn_k6,48,0.21745782948530645,0.1417676020648812,0.19105849172546108,1,1.343010663986206,3fe7aa39cd37722b7da64304224994072fa6da579ead007868c69677e61cbee1
gin_shuffled_spatial_knn_k6_seed49,sweep,gin,shuffled_spatial_knn_k6,49,0.22251835876413034,0.14337197953652395,0.18643049971343018,1,1.317457914352417,20064abb23ef1e3342cf18f71da60e100ce5d8d6ef8da91a8ee02731067c34d3
gin_shuffled_spatial_knn_k6_seed50,sweep,gin,shuffled_spatial_knn_k6,50,0.2073653161244081,0.15159886244831294,0.19836807763459463,1,1.157698631286621,e1ba82441770db65661645928823a178652e7a29acb33e9f5684b0039f344074
gin_shuffled_spatial_knn_k6_seed51,sweep,gin,shuffled_spatial_knn_k6,51,0.19955190165214703,0.1377443740517145,0.18384876977405373,1,1.2128105163574219,41281d20a63b58ae5d850be4e1d31f16413befab1e0d105f4f3919cf29386b88
gin_spatial_knn_k12_seed42,sweep,gin,spatial_knn_k12,42,0.5362313473323937,0.5347705063175242,0.6262803811760891,1,0.9627196788787842,ba70843d80e7b26d0dda48aa57ea87d16d33602c182858b9f9f99386ae02c0b9
gin_spatial_knn_k12_seed43,sweep,gin,spatial_knn_k12,43,0.5142876787088859,0.5055829840897029,0.6078504061684358,1,0.7588343620300293,86b6883b58786d9e3a6b29f6b3147d725f317b7931691382f4af6480039ed3d8
gin_spatial_knn_k12_seed44,sweep,gin,spatial_knn_k12,44,0.5232207622094796,0.4643504943034727,0.578116680434402,1,0.8843317031860352,a86be05f258ac5800206f45b70aa50d54438ff14069400466c3f289b8d781de8
gin_spatial_knn_k12_seed45,sweep,gin,spatial_knn_k12,45,0.5780470825756998,0.46195180458436036,0.5814531580550382,1,0.9423744678497314,d959dd823864a32e7d3eedc17f58c9a422240f69aeae8888fd4ffce6ef08f34c
gin_spatial_knn_k12_seed46,sweep,gin,spatial_knn_k12,46,0.5153557754426159,0.466837275393932,0.5693606856860427,1,1.3261544704437256,49a4a80581b3c806bbea9bb2547e91c1ebf72b35029e4cd078fc6d03e8ae9710
gin_spatial_knn_k12_seed47,sweep,gin,spatial_knn_k12,47,0.5146630964290313,0.5238144344809059,0.6377426698011921,1,0.7448892593383789,0c2d0db979497047165a06a01d7976355b2a97ab3c7242c5388046ef1f15a323
gin_spatial_knn_k12_seed48,sweep,gin,spatial_knn_k12,48,0.5210539428760093,0.49871313841273457,0.5859835083424398,1,0.8848412036895752,1316e98bc75b3f4eb6d02416e123ff2a94a6393f6c0258c70f89c390dbc1bd5d
gin_spatial_knn_k12_seed49,sweep,gin,spatial_knn_k12,49,0.5001648186345702,0.5176568831752512,0.6249269230342606,1,0.9447717666625977,1e5b906247e384d7bd90fe939093b672126f2829c914a690bfabbc44a340b530
gin_spatial_knn_k12_seed50,sweep,gin,spatial_knn_k12,50,0.5202376331441586,0.5560217555984291,0.639724159181559,1,0.8679733276367188,516094a0dfc5dcf707fb3ee083a7509aee7730fdb6440c59bdbda4d87b8031f5
gin_spatial_knn_k12_seed51,sweep,gin,spatial_knn_k12,51,0.5484740325705665,0.5422294802208723,0.6209255584302625,1,1.0847978591918945,9533a5170139a2d69a4b70fed2b9e2cc78063c4214ad798c65d1457d2358ebad
gin_spatial_knn_k6_seed42,sweep,gin,spatial_knn_k6,42,0.4113886343094715,0.4276070281629845,0.5119014403502263,1,0.6388881206512451,8634fb548dc4ac6ef07bd4c174e36b8bfedde9712373bd8613ded0c9bb3d89ca
gin_spatial_knn_k6_seed43,sweep,gin,spatial_knn_k6,43,0.6131409574740136,0.502234259172349,0.5984214265669798,1,1.161937952041626,bcfb55bb92a80a75e2b6a444a244f7a70074cb0a3ee95c236fe86a4925e131f6
gin_spatial_knn_k6_seed44,sweep,gin,spatial_knn_k6,44,0.6133976934186798,0.4828489659597134,0.5936593285757817,1,1.0675694942474365,1a0491c6048fe1a900022f06a627054169115e54be879f062d8e3f0bf1ab4947
gin_spatial_knn_k6_seed45,sweep,gin,spatial_knn_k6,45,0.6247123032883252,0.5281303340402024,0.6320980565436376,1,0.9138531684875488,326c4b229579f13cdbb95c42bb49608d1e2211f6e7433a7cbfb1daae7f441d6d
gin_spatial_knn_k6_seed46,sweep,gin,spatial_knn_k6,46,0.6373454396077114,0.5233394290172507,0.6141579573903351,1,1.3115346431732178,eeed4b9b26a4a63d6543eadd17dbe59da996f19da22e3f2100a61926c64e3cf1
gin_spatial_knn_k6_seed47,sweep,gin,spatial_knn_k6,47,0.6054232109659532,0.5084316769608773,0.6205093258368616,1,0.9208047389984131,b4a2d3421ade318e3f967da5ff63201bfe886aaaaea200cfb897039c336bc765
gin_spatial_knn_k6_seed48,sweep,gin,spatial_knn_k6,48,0.6199315017221805,0.5444409786939294,0.6259650476648867,1,0.8888981342315674,a81ce4162a244105da0dad951e72581258d58443547fe52feac9e01674edce5a
gin_spatial_knn_k6_seed49,sweep,gin,spatial_knn_k6,49,0.6133496476989432,0.5031170114426535,0.6229159824151941,1,1.1112048625946045,76ca4db6e37affcad498506ad6f1d1885189949d69f163bae4adf8780e49969a
gin_spatial_knn_k6_seed50,sweep,gin,spatial_knn_k6,50,0.5915465633671478,0.5657881516890816,0.6493658195576779,1,0.8532404899597168,a4f032e10e5af2b9dbd333215d286a2220b7552b82184fc17152c46a555ae82c
gin_spatial_knn_k6_seed51,sweep,gin,spatial_knn_k6,51,0.6310023847001199,0.5521509656973255,0.6284623850421002,1,1.1366398334503174,3f2d37d6943766b8afa3982aadbc7076a2d7568f75baf0226496954ce8db9c8d
graphsage_bipartite_ref_k20_seed42,sweep,graphsage,bipartite_ref_k20,42,0.7409178569779404,0.5611226774373486,0.6478988844355521,1,1.5656940937042236,a7a9a48cf50fac4dc4903ef93d87806ead093c9de646d7395613f437b893b58c
graphsage_bipartite_ref_k20_seed43,sweep,graphsage,bipartite_ref_k20,43,0.7566894959967914,0.5628299678654439,0.6482090989738403,1,1.5789592266082764,195fc341d6bf5f83e12bf14afb5e300ca5f856be02afca6af4eb0562e66851bb
graphsage_bipartite_ref_k20_seed44,sweep,graphsage,bipartite_ref_k20,44,0.760778413944456,0.5610736378121679,0.6465100842057787,1,1.9064059257507324,7365836572a2d52986842c185cb4cd3fa1ad6972a320f11df5edda5a2adf8faf
graphsage_bipartite_ref_k20_seed45,sweep,graphsage,bipartite_ref_k20,45,0.7604355632710744,0.5634897329090554,0.6485827847599543,1,1.5466547012329102,b0357abcf0d3cf31492b8eb1d5e6e7137d42134762b987dcab3fdfccbcfaa29f
graphsage_bipartite_ref_k20_seed46,sweep,graphsage,bipartite_ref_k20,46,0.7568032587051574,0.5548968094561024,0.6424607706110951,1,1.7659969329833984,a44aacd0341f243fa7042e2b85442b3f53de66460b97db9959531a08ea157159
graphsage_bipartite_ref_k20_seed47,sweep,graphsage,bipartite_ref_k20,47,0.751549911614279,0.5565766609830877,0.641834745806437,1,1.5815351009368896,2eccc058c5ed1a101cf2dcc819b41a647c51263814464148efc7a5d4837e1df2
graphsage_bipartite_ref_k20_seed48,sweep,graphsage,bipartite_ref_k20,48,0.7591568849995823,0.5606137931297464,0.6489930483989033,1,1.534935474395752,9a0c982b3d2c8a31f272df6580d8b6095d34ff9855a9b3cae205ef94c15763b5
graphsage_bipartite_ref_k20_seed49,sweep,graphsage,bipartite_ref_k20,49,0.7608842366457872,0.5538005817837718,0.6378565891799587,1,2.1537842750549316,366e53fdeaa8e21b28fb4884ef4bee900b919a2497df7e26963de7fd1c010f1a
graphsage_bipartite_ref_k20_seed50,sweep,graphsage,bipartite_ref_k20,50,0.7573712783034253,0.5568715449733602,0.6447214221688825,1,1.6300325393676758,20128b9a4ace9a88162b9095efd20d59cc091a2a100d28d737c7108036d90a6d
graphsage_bipartite_ref_k20_seed51,sweep,graphsage,bipartite_ref_k20,51,0.7066828199384689,0.551359887149709,0.6327342668072504,1,0.9282803535461426,3c586a29c3e93c3f54b10619bbae2d84904f0dd9dfe7e7cb36100968efb4246c
graphsage_rewired_spatial_knn_k12_seed42,sweep,graphsage,rewired_spatial_knn_k12,42,0.7174898148711325,0.567874462573701,0.654189693071767,1,1.5035574436187744,2649f380ed63ed9e1102e312b9d3883a3a00246e03a11d32e464eb5173c70d21
graphsage_rewired_spatial_knn_k12_seed43,sweep,graphsage,rewired_spatial_knn_k12,43,0.7139886040879856,0.5453494009172577,0.6276350865734296,1,1.456648349761963,06734e8d7696d784c4ae19dd8d1c0cdc8d9ca18ff86cc502a03c366084ee9281
graphsage_rewired_spatial_knn_k12_seed44,sweep,graphsage,rewired_spatial_knn_k12,44,0.7339613101321139,0.5507978980952689,0.6367341912856006,1,1.6832091808319092,0f3be93f1040a54c1132f119567dfaa40fb1ec2a664725f866f9ee7178c44c51
graphsage_rewired_spatial_knn_k12_seed45,sweep,graphsage,rewired_spatial_knn_k12,45,0.7105789055406334,0.5745686001647101,0.6626032874716632,1,1.3316452503204346,1f1cf807c724085f736db37cf8a1f9573f77b96a3e9c5e5c2f2fdc2e4dfaaed3
graphsage_rewired_spatial_knn_k12_seed46,sweep,graphsage,rewired_spatial_knn_k12,46,0.7160618510696285,0.5556134113822582,0.6402614370372167,1,1.2643153667449951,794283f5dc2b012664f46ac4d9c9cb62e3f75fac951c97a1199838f04b148d06
graphsage_rewired_spatial_knn_k12_seed47,sweep,graphsage,rewired_spatial_knn_k12,47,0.6922504565402623,0.557941069822454,0.638932868256366,1,1.232459306716919,94c1cb787e4778a2c5a08ec029fb8c0f71f2429fe765abeb3abb5368c5ff3070
graphsage_rewired_spatial_knn_k12_seed48,sweep,graphsage,rewired_spatial_knn_k12,48,0.736804094868563,0.5550235087888905,0.6437088109558713,1,1.6837544441223145,341b24336ec6a0bb404ed66169e4ab0a10c19c7e96402476b96652ef46454cb5
graphsage_rewired_spatial_knn_k12_seed49,sweep,graphsage,rewired_spatial_knn_k12,49,0.7022938795976565,0.5595744970743225,0.6407368767975387,1,1.4585134983062744,3c9ffa097f12b7630d720b3eae4ac71abf6c06138dab619e0054b48268df81f4
graphsage_rewired_spatial_knn_k12_seed50,sweep,graphsage,rewired_spatial_knn_k12,50,0.7297797101013015,0.5710550122035246,0.6533308534744834,1,1.87894868850708,49ae0a576d47fc9fd9edc63663dd52abb787ba27bec9397a98835f0895ac8649
graphsage_rewired_spatial_knn_k12_seed51,sweep,graphsage,rewired_spatial_knn_k12,51,0.7196244381070059,0.5619623306666067,0.6463743593951832,1,1.5348305702209473,6236f33fd0fb1cbb69d37157ae8310ebc634512ad642746bafcffcff17c18fad
graphsage_rewired_spatial_knn_k6_seed42,sweep,graphsage,rewired_spatial_knn_k6,42,0.6854321989599885,0.5533457312266247,0.6394678866124054,1,1.5354652404785156,83b15864f5ca8f54210536b34eb1e978af467887c8a706ea403807622dd84870
graphsage_rewired_spatial_knn_k6_seed43,sweep,graphsage,rewired_spatial_knn_k6,43,0.7086257264856081,0.5495665012170282,0.6315352191463967,1,1.6942071914672852,69b2de8d6f4a632300fa9ead180a8e6abc41bbe545bd8714227d6fcd2761df77
graphsage_rewired_spatial_knn_k6_seed44,sweep,graphsage,rewired_spatial_knn_k6,44,0.6647655500555137,0.5342198882994589,0.6111012507227908,1,1.1860651969909668,68100aa56fa5993a9944210db80b85e1d61e616eb19b56a1827b7eb2bf0f7702
graphsage_rewired_spatial_knn_k6_seed45,sweep,graphsage,rewired_spatial_knn_k6,45,0.7155547580225187,0.5782346140026399,0.6631337442925048,1,1.5473990440368652,1269194d13c46b9451bd4f7684af388c08f9759edd4a3b0ed3716af5abf732ee
graphsage_rewired_spatial_knn_k6_seed46,sweep,graphsage,rewired_spatial_knn_k6,46,0.7300030532175089,0.5587335533164588,0.6426079478916583,1,1.8043584823608398,5dc43c753211bcf4a2203cf3009e646f9a160c2d53fc52c929a18daf02c6cc19
graphsage_rewired_spatial_knn_k6_seed47,sweep,graphsage,rewired_spatial_knn_k6,47,0.709468372706059,0.5469629725892398,0.6259418569030182,1,1.3605320453643799,ae1d91fe4f6b100877d60bcd4d5de80a69987b737b492e03ecaa7d6d298ae0b7
graphsage_rewired_spatial_knn_k6_seed48,sweep,graphsage,rewired_spatial_knn_k6,48,0.7458501013762612,0.5576215532635583,0.6442850362876205,1,1.7300546169281006,b583e8aeb7bc17b212cb7a6a8940ae67fc5f528987b345fc2e7b4dd6c27361ec
graphsage_rewired_spatial_knn_k6_seed49,sweep,graphsage,rewired_spatial_knn_k6,49,0.6885008936979006,0.5543288135318712,0.6314634557423547,1,1.417937994003296,b808df2a8d66db95a001f6c32f228b47b3326a78e9be97fa36679624c593d6df
graphsage_rewired_spatial_knn_k6_seed50,sweep,graphsage,rewired_spatial_knn_k6,50,0.7013941943540729,0.5711974611484936,0.6504672725252805,1,1.5471949577331543,2abfdefabd64008bd0bb63b512fd6eaac00dfcd0954f7eadce34972801ff66e2
graphsage_rewired_spatial_knn_k6_seed51,sweep,graphsage,rewired_spatial_knn_k6,51,0.7089059253599498,0.5574509091045189,0.6421154640019735,1,1.5512340068817139,a703369e29c2942f369891111c19702739420d23bf64442cf47d6691a619f9ba
graphsage_shuffled_spatial_knn_k12_seed42,sweep,graphsage,shuffled_spatial_knn_k12,42,0.7098213497106461,0.5503831552031638,0.6379571067058267,1,1.199652910232544,1ba8b2d0c92dea8375945e550620901eb8ea26ae3ced621e834f73fa88467e59
graphsage_shuffled_spatial_knn_k12_seed43,sweep,graphsage,shuffled_spatial_knn_k12,43,0.6929661628080087,0.5432241312876483,0.6271403652583847,1,1.3455944061279297,7d208303a059dbc197a0c99d86dde9d181409aa483bff6183a00e01b6e2b8191
graphsage_shuffled_spatial_knn_k12_seed44,sweep,graphsage,shuffled_spatial_knn_k12,44,0.7208586651431965,0.5496697060530816,0.633599128578512,1,1.4176180362701416,a7163af3940447df2adcdbccdbff369e295c29b56db79bd4ac1195111b7a2c27
graphsage_shuffled_spatial_knn_k12_seed45,sweep,graphsage,shuffled_spatial_knn_k12,45,0.7262038208496634,0.5693436906894395,0.6580768245627207,1,1.3131284713745117,e79f535df7ea8d747634f0734165bc9cc5730e26cb001df4a45ff4815b400eb0
graphsage_shuffled_spatial_knn_k12_seed46,sweep,graphsage,shuffled_spatial_knn_k12,46,0.7541734977410492,0.561380096663487,0.6459369381801504,1,1.595792293548584,2b6098356e035a42bd016c33e89a331880a2b4ae1dfa2ca33b582bd394a855c3
graphsage_shuffled_spatial_knn_k12_seed47,sweep,graphsage,shuffled_spatial_knn_k12,47,0.7194310896006144,0.5627505446260643,0.6514391797066702,1,1.5696485042572021,e96469121819bb1a811f0ba8c9607b50aba767a81340db64dc63e3fe23c9e6ca
graphsage_shuffled_spatial_knn_k12_seed48,sweep,graphsage,shuffled_spatial_knn_k12,48,0.7202674488109424,0.5483000357530803,0.6404022692568152,1,1.4245800971984863,71c4cdac88f1298cce21d5314df009de634a5f6c7684d8fd9ccae066d765a49f
graphsage_shuffled_spatial_knn_k12_seed49,sweep,graphsage,shuffled_spatial_knn_k12,49,0.7165028507695088,0.5579942852728124,0.6407642914325975,1,1.3839600086212158,a043e3d13d81f3d5d5b205267efa6d0a9412be97655d4faae35655756a0065f5
graphsage_shuffled_spatial_knn_k12_seed50,sweep,graphsage,shuffled_spatial_knn_k12,50,0.7401083415475472,0.5680104169456857,0.6526815921526461,1,1.5115206241607666,0307de3b52de2ef9cfc114cecd0d8020f9d94f1f5e7e448bfe1deae1d2343af1
graphsage_shuffled_spatial_knn_k12_seed51,sweep,graphsage,shuffled_spatial_knn_k12,51,0.7219924533281136,0.5580795270002326,0.647818154630282,1,1.699758529663086,f855e8521d72bf2091cc4c9c501ada577c67c2f1f8ac6a01848bed053361509d
graphsage_shuffled_spatial_knn_k6_seed42,sweep,graphsage,shuffled_spatial_knn_k6,42,0.7390776855315846,0.5493886323609185,0.6418460856552259,1,2.2020578384399414,9ab7e854f80267eea015851e68992aa0a275650feffce1cf6f907336cb589b4f
graphsage_shuffled_spatial_knn_k6_seed43,sweep,graphsage,shuffled_spatial_knn_k6,43,0.7331265314365027,0.5545853058950122,0.6405791758034998,1,1.8382203578948975,2dbabb33414ad3fd14abc6757233036cf8f86d08a0ae6c2d9dd9a6e36292748f
graphsage_shuffled_spatial_knn_k6_seed44,sweep,graphsage,shuffled_spatial_knn_k6,44,0.7002054517659603,0.5446581961710683,0.6253596011758118,1,1.3578526973724365,9695f4449a25a0f16fc2ecccb948d38b2eef056f92b5aae6bc9ee33d80cecbb1
graphsage_shuffled_spatial_knn_k6_seed45,sweep,graphsage,shuffled_spatial_knn_k6,45,0.6972775182176891,0.5665135371596903,0.6530111629755107,1,1.2482078075408936,f6323ec5d1f7f3f3cf0f39bb6532440a18461df3a84c832c720350b4512b236e
graphsage_shuffled_spatial_knn_k6_seed46,sweep,graphsage,shuffled_spatial_knn_k6,46,0.7301745093206927,0.5561116073300302,0.6389739497391158,1,1.4912075996398926,76685cc2f6d44280b66d5cd6c9c1502122d0f787439ab67b2ffd520da72c1d32
graphsage_shuffled_spatial_knn_k6_seed47,sweep,graphsage,shuffled_spatial_knn_k6,47,0.7129525713270606,0.5573083515910571,0.643217505413674,1,1.6527423858642578,e4246ca6cfc0cd9698645c8b2a062658a6fa480680847900e8c3b89f287ad49b
graphsage_shuffled_spatial_knn_k6_seed48,sweep,graphsage,shuffled_spatial_knn_k6,48,0.7080084903135917,0.5445710867972091,0.6322545822516608,1,1.400505781173706,af02a04c2702939dfaec7ff8be7c5813dab6929a09f8fef1d08895dcf793f8bc
graphsage_shuffled_spatial_knn_k6_seed49,sweep,graphsage,shuffled_spatial_knn_k6,49,0.7100116616728415,0.5502400958403659,0.6330821499866811,1,1.344512701034546,3331aacc667ba5a51e945baa6c69490f59b8c31a0b2242db85f43e010ef1be65
graphsage_shuffled_spatial_knn_k6_seed50,sweep,graphsage,shuffled_spatial_knn_k6,50,0.700139002653193,0.5530263370977629,0.6335190345322529,1,1.2046937942504883,4eb4760e3a476d18fce9ee6f6fb8b4a7e4a25e9d17606bc52dee825788c40f2d
graphsage_shuffled_spatial_knn_k6_seed51,sweep,graphsage,shuffled_spatial_knn_k6,51,0.6823906591341737,0.5335381329649926,0.6167897729873154,1,1.069328784942627,09c58d06ef581007ecc81b912e81ce0313a0bfc70c7c664c70ddb226153171de
graphsage_spatial_knn_k12_seed42,sweep,graphsage,spatial_knn_k12,42,0.7265929628081613,0.577345309679214,0.6749974660150662,1,1.4238777160644531,f11225d856bae5144b611fccb42e7295dceca3659e0517507be00fc70e23853b
graphsage_spatial_knn_k12_seed43,sweep,graphsage,spatial_knn_k12,43,0.726815207395422,0.6028473297322374,0.6927775470433873,1,1.3813252449035645,a4d16353a2a5e6593ea9dddcea0e121ce24fbd12cf3f7181cd65d8436dd50bad
graphsage_spatial_knn_k12_seed44,sweep,graphsage,spatial_knn_k12,44,0.7236525123551525,0.5909711587895172,0.6815007495799157,1,1.6502711772918701,59b9b75ac97e12297af39cf89472dc662a5924f8d850f1a47c1a452d20449998
graphsage_spatial_knn_k12_seed45,sweep,graphsage,spatial_knn_k12,45,0.7470402644848424,0.5997937741043399,0.6854434223886722,1,1.0189933776855469,a7dd8b4a1bc8b837ff91867d0d859fb8cbb7dc10d958dabfd3b46e6b743130fb
graphsage_spatial_knn_k12_seed46,sweep,graphsage,spatial_knn_k12,46,0.7601260648349161,0.580995643407846,0.670105622411977,1,1.3659882545471191,b4d83518e1cda0c570cb55dc6408829070571158746a33f6ea60ba9414bfe227
graphsage_spatial_knn_k12_seed47,sweep,graphsage,spatial_knn_k12,47,0.7438455150884095,0.5854097461598013,0.673071964462518,1,1.2637572288513184,b08fe46cb5aff75af81b1353991bfc53efd0b9aed7b35439c73a063861a8f72a
graphsage_spatial_knn_k12_seed48,sweep,graphsage,spatial_knn_k12,48,0.759338272081825,0.5849502855818518,0.686504891388178,1,1.4085180759429932,5a2790d65c8300183aff526193b9fe26ced938cadf3003b2d517644900c15cfa
graphsage_spatial_knn_k12_seed49,sweep,graphsage,spatial_knn_k12,49,0.7391826735889773,0.5871033329709595,0.6761232160513424,1,1.4275715351104736,216cf8e93f3231b23211f7afba34b1f647ae9c5db5c1e9177929db111224c7cd
graphsage_spatial_knn_k12_seed50,sweep,graphsage,spatial_knn_k12,50,0.760527326399401,0.598470241888788,0.6897211263883017,1,1.5061447620391846,ece21c64b8090dafdf9693499119d903ddc8326a2affb67ad66840d929fcccec
graphsage_spatial_knn_k12_seed51,sweep,graphsage,spatial_knn_k12,51,0.7327153090799401,0.5914278040412414,0.6874061907671575,1,1.5598819255828857,9a4a9219e65f17e7c0a4d93f736471d6a24dd8353260f86d577ad2f9a8e42d0f
graphsage_spatial_knn_k6_seed42,sweep,graphsage,spatial_knn_k6,42,0.3414409989317539,0.34671929323516204,0.43329909312240344,1,0.5667209625244141,c8210194b513dda2475633b66f14fb2f9a34b5784a990032a8795965d6582454
graphsage_spatial_knn_k6_seed43,sweep,graphsage,spatial_knn_k6,43,0.7583105618112851,0.6023725527312846,0.6899977767847192,1,1.4211881160736084,373ce33c6c22507d3640385d4d8b29efc33ccb985d02239be995d04b7572e7ce
graphsage_spatial_knn_k6_seed44,sweep,graphsage,spatial_knn_k6,44,0.747144089043734,0.5848156941601067,0.6709996022466547,1,1.4429364204406738,6503e2fe1e90baf0193eef2da64294ef744e5841f8d692407588aca6f8c99887
graphsage_spatial_knn_k6_seed45,sweep,graphsage,spatial_knn_k6,45,0.7584602689844018,0.6000254340708677,0.6869399327411558,1,1.4096589088439941,c39d609a252734c07927ae2f78491db56e9b66ecc8fe42eacdd022e0d776e9e0
graphsage_spatial_knn_k6_seed46,sweep,graphsage,spatial_knn_k6,46,0.7414640826983074,0.5828764603582144,0.6718372088237379,1,1.237123966217041,8e50c768dcdd666fe5c7b0eedea084f1c8b6da4a6ad35837182e79db4a007855
graphsage_spatial_knn_k6_seed47,sweep,graphsage,spatial_knn_k6,47,0.7061915308204656,0.5912453555861884,0.6770089506201623,1,1.0624845027923584,6dbff254fdbd1d0e3cf22530a325573c086555ccd8798605f1033fffb6a4df0a
graphsage_spatial_knn_k6_seed48,sweep,graphsage,spatial_knn_k6,48,0.7394588431770748,0.5928198072735757,0.6901077363242739,1,1.2156486511230469,9d7aeeb2900bfdad6e88220083f9480a1bac4abe4b478dada33f95b61a1b0c2a
graphsage_spatial_knn_k6_seed49,sweep,graphsage,spatial_knn_k6,49,0.7431306520762508,0.5825209109558409,0.6697615418390384,1,1.557363510131836,652a8fe727b4aba2f5559b96dd7a1562c7b25774b1bb0df5d007e7de8f28962a
graphsage_spatial_knn_k6_seed50,sweep,graphsage,spatial_knn_k6,50,0.7469372419766312,0.5973650360243671,0.6878966082664735,1,1.387993574142456,da6fbb1664edb34b936114497488a60c4592f849e147d1d7c992b31e96e80ee4
graphsage_spatial_knn_k6_seed51,sweep,graphsage,spatial_knn_k6,51,0.7445528907025423,0.5925344244557417,0.6862806570055234,1,1.6481678485870361,ff6d67007f0452b0b9f9863a5d2b21993a9ec1e3af99596845ec653469f77e30
